{
	"credit": "",
	"textures": {
		"0": "spyglass_model",
		"particle": "spyglass_model"
	},
	"elements": [
		{
			"from": [5, 0, 3],
			"to": [7, 2, 7],
			"faces": {
				"north": {"uv": [0, 13, 2, 15], "texture": "#0"},
				"east": {"uv": [0, 9, 2, 13], "rotation": 270, "texture": "#0"},
				"south": {"uv": [0, 5, 2, 7], "texture": "#0"},
				"west": {"uv": [0, 9, 2, 13], "rotation": 90, "texture": "#0"},
				"up": {"uv": [0, 9, 2, 13], "rotation": 180, "texture": "#0"},
				"down": {"uv": [0, 9, 2, 13], "texture": "#0"}
			}
		},
		{
			"from": [9, 0, 3],
			"to": [11, 2, 7],
			"faces": {
				"north": {"uv": [0, 13, 2, 15], "texture": "#0"},
				"east": {"uv": [0, 9, 2, 13], "rotation": 270, "texture": "#0"},
				"south": {"uv": [0, 5, 2, 7], "texture": "#0"},
				"west": {"uv": [0, 9, 2, 13], "rotation": 90, "texture": "#0"},
				"up": {"uv": [0, 9, 2, 13], "rotation": 180, "texture": "#0"},
				"down": {"uv": [0, 9, 2, 13], "texture": "#0"}
			}
		},
		{
			"from": [5.25, 0.25, 5],
			"to": [10.75, 1.75, 7.8],
			"faces": {
				"north": {"uv": [0, 8, 2, 12], "texture": "#0"},
				"east": {"uv": [0, 0, 1, 3], "texture": "#0"},
				"south": {"uv": [0, 0, 2, 3], "rotation": 270, "texture": "#0"},
				"west": {"uv": [0, 0, 1, 2], "texture": "#0"},
				"up": {"uv": [0, 3, 2, 6], "texture": "#0"},
				"down": {"uv": [0, 2, 2, 5], "texture": "#0"}
			}
		},
		{
			"from": [5.25, 0.25, 7.8],
			"to": [6.75, 1.75, 10.05],
			"faces": {
				"north": {"uv": [0, 1, 2, 3], "texture": "#0"},
				"east": {"uv": [0, 3, 2, 6], "rotation": 90, "texture": "#0"},
				"south": {"uv": [0, 5, 2, 7], "texture": "#0"},
				"west": {"uv": [0, 2, 2, 5], "rotation": 90, "texture": "#0"},
				"up": {"uv": [0, 3, 2, 6], "texture": "#0"},
				"down": {"uv": [0, 2, 2, 5], "texture": "#0"}
			}
		},
		{
			"from": [9.25, 0.25, 7.8],
			"to": [10.75, 1.75, 10.05],
			"faces": {
				"north": {"uv": [0, 1, 2, 3], "texture": "#0"},
				"east": {"uv": [0, 3, 2, 6], "rotation": 90, "texture": "#0"},
				"south": {"uv": [0, 5, 2, 7], "texture": "#0"},
				"west": {"uv": [0, 2, 2, 5], "rotation": 90, "texture": "#0"},
				"up": {"uv": [0, 3, 2, 6], "texture": "#0"},
				"down": {"uv": [0, 2, 2, 5], "texture": "#0"}
			}
		}
	],
	"display": {
		"thirdperson_righthand": {
			"rotation": [-90, 0, 0],
			"translation": [-3.25, 0.25, -6.5]
		},
		"thirdperson_lefthand": {
			"rotation": [-90, 0, 0],
			"translation": [-3.25, 0.25, -6.5]
		},
		"firstperson_righthand": {
			"rotation": [-90, 0, 0],
			"translation": [-4, 3.5, -1.75]
		},
		"firstperson_lefthand": {
			"rotation": [-90, 0, 0],
			"translation": [-4, 3.5, -1.75]
		},
		"ground": {
			"translation": [0, 4, 0]
		},
		"gui": {
			"rotation": [90, 0, 0],
			"translation": [0, -2.5, 0],
			"scale": [2, 2, 2]
		},
		"head": {
			"translation": [0, 12, -12],
			"scale": [1.8, 1.8, 1.8]
		},
		"fixed": {
			"rotation": [90, 0, 0],
			"translation": [-0.25, -3.25, 15],
			"scale": [2.5, 2.5, 2.5]
		}
	}
}