{
	"credit": "Made with Blockbench",
	"textures": {
		"0": "bow",
		"1": "scope",
		"particle": "bow"
	},
	"elements": [
		{
			"from": [7, 11, -2],
			"to": [8, 12, 18],
			"faces": {
				"north": {"uv": [13.33333, 8.53333, 14.33333, 9.53333], "texture": "#0"},
				"east": {"uv": [4.26667, 13.86667, 16, 14.86667], "texture": "#0"},
				"south": {"uv": [13.86667, 9.06667, 14.86667, 10.06667], "texture": "#0"},
				"west": {"uv": [4.26667, 13.86667, 16, 14.86667], "texture": "#0"},
				"up": {"uv": [13.33333, 4.8, 14.33333, 16], "texture": "#0"},
				"down": {"uv": [13.33333, 4.8, 14.33333, 16], "texture": "#0"}
			}
		},
		{
			"from": [6.6, 10.6, -2.5],
			"to": [8.4, 12.4, -2],
			"faces": {
				"north": {"uv": [9.06667, 8.53333, 10.86667, 10.33333], "texture": "#0"},
				"east": {"uv": [9.06667, 8.53333, 9.56667, 10.33333], "texture": "#0"},
				"south": {"uv": [9.06667, 8.53333, 10.86667, 10.33333], "texture": "#0"},
				"west": {"uv": [9.06667, 8.53333, 9.56667, 10.33333], "texture": "#0"},
				"up": {"uv": [9.06667, 8.53333, 10.86667, 9.03333], "texture": "#0"},
				"down": {"uv": [9.06667, 8.53333, 10.86667, 9.03333], "texture": "#0"}
			}
		},
		{
			"from": [6.8, 10.8, -3.5],
			"to": [8.2, 12.2, -2.5],
			"faces": {
				"north": {"uv": [9.06667, 8.53333, 10.86667, 10.33333], "texture": "#0"},
				"east": {"uv": [9.06667, 8.53333, 9.56667, 10.33333], "texture": "#0"},
				"south": {"uv": [9.06667, 8.53333, 10.86667, 10.33333], "texture": "#0"},
				"west": {"uv": [9.06667, 8.53333, 9.56667, 10.33333], "texture": "#0"},
				"up": {"uv": [9.06667, 8.53333, 10.86667, 9.03333], "texture": "#0"},
				"down": {"uv": [9.06667, 8.53333, 10.86667, 9.03333], "texture": "#0"}
			}
		},
		{
			"from": [6.7, 11.1, -3.4],
			"to": [8.3, 11.9, -2.4],
			"faces": {
				"north": {"uv": [9.06667, 8.53333, 10.86667, 10.33333], "texture": "#0"},
				"east": {"uv": [9.06667, 8.53333, 9.56667, 10.33333], "texture": "#0"},
				"south": {"uv": [9.06667, 8.53333, 10.86667, 10.33333], "texture": "#0"},
				"west": {"uv": [9.06667, 8.53333, 9.56667, 10.33333], "texture": "#0"},
				"up": {"uv": [9.06667, 8.53333, 10.86667, 9.03333], "texture": "#0"},
				"down": {"uv": [9.06667, 8.53333, 10.86667, 9.03333], "texture": "#0"}
			}
		},
		{
			"from": [7.1, 10.7, -3.4],
			"to": [7.9, 12.3, -2.4],
			"faces": {
				"north": {"uv": [9.06667, 8.53333, 10.86667, 10.33333], "rotation": 90, "texture": "#0"},
				"east": {"uv": [9.06667, 8.53333, 10.86667, 9.03333], "rotation": 270, "texture": "#0"},
				"south": {"uv": [9.06667, 8.53333, 10.86667, 10.33333], "rotation": 270, "texture": "#0"},
				"west": {"uv": [9.06667, 8.53333, 10.86667, 9.03333], "rotation": 270, "texture": "#0"},
				"up": {"uv": [9.06667, 8.53333, 9.56667, 10.33333], "rotation": 270, "texture": "#0"},
				"down": {"uv": [9.06667, 8.53333, 9.56667, 10.33333], "rotation": 270, "texture": "#0"}
			}
		},
		{
			"from": [7, 11, -4],
			"to": [8, 12, -3.5],
			"faces": {
				"north": {"uv": [9.06667, 8.53333, 10.86667, 10.33333], "texture": "#0"},
				"east": {"uv": [9.06667, 8.53333, 9.56667, 10.33333], "texture": "#0"},
				"south": {"uv": [9.06667, 8.53333, 10.86667, 10.33333], "texture": "#0"},
				"west": {"uv": [9.06667, 8.53333, 9.56667, 10.33333], "texture": "#0"},
				"up": {"uv": [9.06667, 8.53333, 10.86667, 9.03333], "texture": "#0"},
				"down": {"uv": [9.06667, 8.53333, 10.86667, 9.03333], "texture": "#0"}
			}
		},
		{
			"from": [7.25, 11.25, -4.5],
			"to": [7.75, 11.75, -4],
			"faces": {
				"north": {"uv": [9.06667, 8.53333, 10.86667, 10.33333], "texture": "#0"},
				"east": {"uv": [9.06667, 8.53333, 9.56667, 10.33333], "texture": "#0"},
				"south": {"uv": [9.06667, 8.53333, 10.86667, 10.33333], "texture": "#0"},
				"west": {"uv": [9.06667, 8.53333, 9.56667, 10.33333], "texture": "#0"},
				"up": {"uv": [9.06667, 8.53333, 10.86667, 9.03333], "texture": "#0"},
				"down": {"uv": [9.06667, 8.53333, 10.86667, 9.03333], "texture": "#0"}
			}
		},
		{
			"from": [7.4, 16.4, -1.1],
			"to": [8.6, 23.4, -0.4],
			"rotation": {"angle": 22.5, "axis": "x", "origin": [0, 0, 0]},
			"faces": {
				"north": {"uv": [13.33333, 6.93333, 14.33333, 13.93333], "texture": "#0"},
				"east": {"uv": [13.33333, 7.46667, 14.03333, 14.46667], "texture": "#0"},
				"south": {"uv": [13.33333, 6.93333, 14.33333, 13.93333], "texture": "#0"},
				"west": {"uv": [13.33333, 7.46667, 14.03333, 14.46667], "texture": "#0"},
				"up": {"uv": [14.4, 12.8, 15.6, 13.5], "texture": "#0"},
				"down": {"uv": [14.4, 11.73333, 15.6, 12.43333], "texture": "#0"}
			}
		},
		{
			"from": [7.45, 21.2, -9.95],
			"to": [8.55, 26.2, -9.25],
			"rotation": {"angle": 45, "axis": "x", "origin": [0, 0, 0]},
			"faces": {
				"north": {"uv": [13.33333, 6.4, 14.33333, 11.4], "texture": "#0"},
				"east": {"uv": [13.33333, 5.86667, 14.03333, 10.86667], "texture": "#0"},
				"south": {"uv": [13.33333, 6.4, 14.33333, 11.4], "texture": "#0"},
				"west": {"uv": [13.33333, 5.86667, 14.03333, 10.86667], "texture": "#0"},
				"up": {"uv": [14.4, 6.4, 15.5, 7.1], "texture": "#0"},
				"down": {"uv": [14.4, 6.4, 15.5, 7.1], "texture": "#0"}
			}
		},
		{
			"from": [8, 11, 6],
			"to": [9, 14.5, 7],
			"faces": {
				"north": {"uv": [8, 13.33333, 9, 15.86667], "texture": "#0"},
				"east": {"uv": [8.53333, 13.33333, 9.53333, 15.86667], "texture": "#0"},
				"south": {"uv": [9.06667, 13.33333, 10.06667, 15.86667], "texture": "#0"},
				"west": {"uv": [9.6, 13.33333, 10.6, 15.86667], "texture": "#0"},
				"up": {"uv": [8, 13.33333, 8.46667, 13.26667], "texture": "#0"},
				"down": {"uv": [8, 13.33333, 9, 13.8], "texture": "#0"}
			}
		},
		{
			"from": [7, 10.5, 6],
			"to": [9, 11, 7],
			"faces": {
				"north": {"uv": [6.4, 14.4, 7.86667, 14.9], "texture": "#0"},
				"east": {"uv": [8, 14.4, 9, 14.9], "texture": "#0"},
				"south": {"uv": [9.06667, 14.4, 10.53333, 14.9], "texture": "#0"},
				"west": {"uv": [10.66667, 14.4, 11.66667, 14.9], "texture": "#0"},
				"up": {"uv": [6.4, 13.86667, 8.4, 14.86667], "texture": "#0"},
				"down": {"uv": [8.53333, 13.86667, 10.53333, 14.86667], "texture": "#0"}
			}
		},
		{
			"from": [7, 14.5, 6],
			"to": [9, 15, 7],
			"faces": {
				"north": {"uv": [6.4, 13.86667, 7.86667, 14.36667], "texture": "#0"},
				"east": {"uv": [8, 13.86667, 9, 14.36667], "texture": "#0"},
				"south": {"uv": [9.06667, 13.86667, 10.53333, 14.36667], "texture": "#0"},
				"west": {"uv": [10.66667, 13.86667, 11.66667, 14.36667], "texture": "#0"},
				"up": {"uv": [6.4, 13.86667, 8.4, 14.86667], "texture": "#0"},
				"down": {"uv": [8.53333, 13.86667, 10.53333, 14.86667], "texture": "#0"}
			}
		},
		{
			"from": [7.5, 7, 6],
			"to": [8.5, 10.5, 7],
			"faces": {
				"north": {"uv": [12.26667, 0.66667, 13.26667, 3.73333], "texture": "#0"},
				"east": {"uv": [12.26667, 0.66667, 13.26667, 3.73333], "texture": "#0"},
				"south": {"uv": [13.33333, 0.66667, 14.33333, 3.73333], "texture": "#0"},
				"west": {"uv": [13.33333, 0.66667, 14.33333, 3.73333], "texture": "#0"},
				"up": {"uv": [14.4, 2.13333, 15.4, 3.13333], "texture": "#0"},
				"down": {"uv": [14.4, 2.13333, 15.4, 3.13333], "texture": "#0"}
			}
		},
		{
			"from": [7.3, 15, 5.15],
			"to": [8.7, 15.6, 6.85],
			"faces": {
				"north": {"uv": [5.33333, 14.4, 6.73333, 15], "texture": "#0"},
				"east": {"uv": [5.33333, 14.93333, 7.03333, 15.53333], "texture": "#0"},
				"south": {"uv": [5.33333, 14.4, 6.73333, 15], "texture": "#0"},
				"west": {"uv": [5.33333, 14.93333, 7.03333, 15.53333], "texture": "#0"},
				"up": {"uv": [5.33333, 13.86667, 6.73333, 15.56667], "texture": "#0"},
				"down": {"uv": [5.33333, 13.86667, 6.73333, 15.56667], "texture": "#0"}
			}
		},
		{
			"from": [7.3, 6.4, 5.15],
			"to": [8.7, 7, 6.85],
			"faces": {
				"north": {"uv": [5.33333, 13.86667, 6.73333, 14.46667], "texture": "#0"},
				"east": {"uv": [5.33333, 13.86667, 7.03333, 14.46667], "texture": "#0"},
				"south": {"uv": [5.33333, 13.86667, 6.73333, 14.46667], "texture": "#0"},
				"west": {"uv": [5.33333, 13.86667, 7.03333, 14.46667], "texture": "#0"},
				"up": {"uv": [5.33333, 13.86667, 6.73333, 15.56667], "texture": "#0"},
				"down": {"uv": [5.33333, 13.86667, 6.73333, 15.56667], "texture": "#0"}
			}
		},
		{
			"from": [7.4, -3, 7.3],
			"to": [8.6, 4, 8],
			"rotation": {"angle": -22.5, "axis": "x", "origin": [0, 0, 0]},
			"faces": {
				"north": {"uv": [13.33333, 6.93333, 14.33333, 13.93333], "texture": "#0"},
				"east": {"uv": [13.33333, 6.93333, 14.03333, 13.93333], "texture": "#0"},
				"south": {"uv": [13.33333, 6.93333, 14.33333, 13.93333], "texture": "#0"},
				"west": {"uv": [13.33333, 6.93333, 14.03333, 13.93333], "texture": "#0"},
				"up": {"uv": [14.4, 9.6, 15.6, 10.3], "texture": "#0"},
				"down": {"uv": [14.4, 10.66667, 15.6, 11.36667], "texture": "#0"}
			}
		},
		{
			"from": [7.45, -10.5, 5.61],
			"to": [8.55, -5.5, 6.31],
			"rotation": {"angle": -45, "axis": "x", "origin": [0, 0, 0]},
			"faces": {
				"north": {"uv": [13.33333, 4.8, 14.33333, 9.8], "texture": "#0"},
				"east": {"uv": [13.33333, 4.8, 14.03333, 9.8], "texture": "#0"},
				"south": {"uv": [13.33333, 4.8, 14.33333, 9.8], "texture": "#0"},
				"west": {"uv": [13.33333, 4.8, 14.03333, 9.8], "texture": "#0"},
				"up": {"uv": [14.4, 5.86667, 15.5, 6.56667], "texture": "#0"},
				"down": {"uv": [14.4, 6.93333, 15.5, 7.63333], "texture": "#0"}
			}
		},
		{
			"from": [7.6, -2, 10.5],
			"to": [8.4, -1.5, 11],
			"faces": {
				"north": {"uv": [7.46667, 9.06667, 8.26667, 9.56667], "texture": "#0"},
				"east": {"uv": [8, 8.53333, 8.5, 9.03333], "texture": "#0"},
				"south": {"uv": [6.93333, 8.53333, 7.73333, 9.03333], "texture": "#0"},
				"west": {"uv": [8.53333, 8.53333, 9.03333, 9.03333], "texture": "#0"},
				"up": {"uv": [9.06667, 8.53333, 9.86667, 9.03333], "texture": "#0"},
				"down": {"uv": [8.53333, 9.06667, 9.33333, 9.56667], "texture": "#0"}
			}
		},
		{
			"from": [7.6, -3, 10],
			"to": [8.4, -2, 13],
			"faces": {
				"north": {"uv": [6.93333, 9.06667, 7.73333, 10.06667], "texture": "#0"},
				"east": {"uv": [8, 9.6, 11, 10.6], "texture": "#0"},
				"south": {"uv": [8, 8.53333, 8.8, 9.53333], "texture": "#0"},
				"west": {"uv": [8, 9.6, 11, 10.6], "texture": "#0"},
				"up": {"uv": [9.6, 8.53333, 10.4, 11.53333], "texture": "#0"},
				"down": {"uv": [9.6, 8.53333, 10.4, 11.53333], "texture": "#0"}
			}
		},
		{
			"from": [7.6, -2, 11],
			"to": [8.4, -1, 12],
			"faces": {
				"north": {"uv": [6.93333, 9.06667, 7.73333, 10.06667], "texture": "#0"},
				"east": {"uv": [8, 9.6, 9, 10.6], "texture": "#0"},
				"south": {"uv": [8, 8.53333, 8.8, 9.53333], "texture": "#0"},
				"west": {"uv": [8, 9.6, 9, 10.6], "texture": "#0"},
				"up": {"uv": [9.6, 8.53333, 10.4, 9.53333], "texture": "#0"},
				"down": {"uv": [9.6, 8.53333, 10.4, 9.53333], "texture": "#0"}
			}
		},
		{
			"from": [7.6, -4, 11],
			"to": [8.4, -3, 12],
			"faces": {
				"north": {"uv": [8, 9.6, 8.8, 10.6], "texture": "#0"},
				"east": {"uv": [8, 8.53333, 9, 9.53333], "texture": "#0"},
				"south": {"uv": [9.06667, 8.53333, 9.86667, 9.53333], "texture": "#0"},
				"west": {"uv": [9.06667, 9.6, 10.06667, 10.6], "texture": "#0"},
				"up": {"uv": [10.13333, 8.53333, 10.93333, 9.53333], "texture": "#0"},
				"down": {"uv": [6.93333, 10.13333, 7.73333, 11.13333], "texture": "#0"}
			}
		},
		{
			"from": [7.6, -3.5, 12],
			"to": [8.4, -3, 12.5],
			"faces": {
				"north": {"uv": [8, 9.6, 8.8, 10.1], "texture": "#0"},
				"east": {"uv": [8, 8.53333, 8.5, 9.03333], "texture": "#0"},
				"south": {"uv": [9.06667, 8.53333, 9.86667, 9.03333], "texture": "#0"},
				"west": {"uv": [9.06667, 9.6, 9.56667, 10.1], "texture": "#0"},
				"up": {"uv": [10.13333, 8.53333, 10.93333, 9.03333], "texture": "#0"},
				"down": {"uv": [6.93333, 10.13333, 7.73333, 10.63333], "texture": "#0"}
			}
		},
		{
			"from": [7.6, -2, 12],
			"to": [8.4, -1.5, 12.5],
			"faces": {
				"north": {"uv": [8, 9.6, 8.8, 10.1], "texture": "#0"},
				"east": {"uv": [8, 8.53333, 8.5, 9.03333], "texture": "#0"},
				"south": {"uv": [9.06667, 8.53333, 9.86667, 9.03333], "texture": "#0"},
				"west": {"uv": [9.06667, 9.6, 9.56667, 10.1], "texture": "#0"},
				"up": {"uv": [10.13333, 8.53333, 10.93333, 9.03333], "texture": "#0"},
				"down": {"uv": [6.93333, 10.13333, 7.73333, 10.63333], "texture": "#0"}
			}
		},
		{
			"from": [7.6, -3.5, 10.5],
			"to": [8.4, -3, 11],
			"faces": {
				"north": {"uv": [8, 9.6, 8.8, 10.1], "texture": "#0"},
				"east": {"uv": [8, 8.53333, 8.5, 9.03333], "texture": "#0"},
				"south": {"uv": [9.06667, 8.53333, 9.86667, 9.03333], "texture": "#0"},
				"west": {"uv": [9.06667, 9.6, 9.56667, 10.1], "texture": "#0"},
				"up": {"uv": [10.13333, 8.53333, 10.93333, 9.03333], "texture": "#0"},
				"down": {"uv": [6.93333, 10.13333, 7.73333, 10.63333], "texture": "#0"}
			}
		},
		{
			"from": [7.6, 23.5, 10.5],
			"to": [8.4, 24, 11],
			"faces": {
				"north": {"uv": [6.93333, 8.53333, 7.73333, 9.03333], "texture": "#0"},
				"east": {"uv": [7.46667, 9.06667, 7.96667, 9.56667], "texture": "#0"},
				"south": {"uv": [6.93333, 10.13333, 7.73333, 10.63333], "texture": "#0"},
				"west": {"uv": [7.46667, 10.13333, 7.96667, 10.63333], "texture": "#0"},
				"up": {"uv": [9.6, 8.53333, 10.4, 9.03333], "texture": "#0"},
				"down": {"uv": [8, 8.53333, 8.8, 9.03333], "texture": "#0"}
			}
		},
		{
			"from": [7.6, 25, 12],
			"to": [8.4, 25.5, 12.5],
			"faces": {
				"north": {"uv": [6.93333, 8.53333, 7.73333, 9.03333], "texture": "#0"},
				"east": {"uv": [7.46667, 9.06667, 7.96667, 9.56667], "texture": "#0"},
				"south": {"uv": [6.93333, 10.13333, 7.73333, 10.63333], "texture": "#0"},
				"west": {"uv": [7.46667, 10.13333, 7.96667, 10.63333], "texture": "#0"},
				"up": {"uv": [9.6, 8.53333, 10.4, 9.03333], "texture": "#0"},
				"down": {"uv": [8, 8.53333, 8.8, 9.03333], "texture": "#0"}
			}
		},
		{
			"from": [7.6, 23.5, 12],
			"to": [8.4, 24, 12.5],
			"faces": {
				"north": {"uv": [6.93333, 8.53333, 7.73333, 9.03333], "texture": "#0"},
				"east": {"uv": [7.46667, 9.06667, 7.96667, 9.56667], "texture": "#0"},
				"south": {"uv": [6.93333, 10.13333, 7.73333, 10.63333], "texture": "#0"},
				"west": {"uv": [7.46667, 10.13333, 7.96667, 10.63333], "texture": "#0"},
				"up": {"uv": [9.6, 8.53333, 10.4, 9.03333], "texture": "#0"},
				"down": {"uv": [8, 8.53333, 8.8, 9.03333], "texture": "#0"}
			}
		},
		{
			"from": [7.6, 23, 11],
			"to": [8.4, 24, 12],
			"faces": {
				"north": {"uv": [6.93333, 8.53333, 7.73333, 9.53333], "texture": "#0"},
				"east": {"uv": [7.46667, 9.06667, 8.46667, 10.06667], "texture": "#0"},
				"south": {"uv": [6.93333, 10.13333, 7.73333, 11.13333], "texture": "#0"},
				"west": {"uv": [7.46667, 10.13333, 8.46667, 11.13333], "texture": "#0"},
				"up": {"uv": [9.6, 8.53333, 10.4, 9.53333], "texture": "#0"},
				"down": {"uv": [8, 8.53333, 8.8, 9.53333], "texture": "#0"}
			}
		},
		{
			"from": [7.6, 25, 11],
			"to": [8.4, 26, 12],
			"faces": {
				"north": {"uv": [6.93333, 8.53333, 7.73333, 9.53333], "texture": "#0"},
				"east": {"uv": [7.46667, 9.06667, 8.46667, 10.06667], "texture": "#0"},
				"south": {"uv": [6.93333, 10.13333, 7.73333, 11.13333], "texture": "#0"},
				"west": {"uv": [7.46667, 10.13333, 8.46667, 11.13333], "texture": "#0"},
				"up": {"uv": [9.6, 8.53333, 10.4, 9.53333], "texture": "#0"},
				"down": {"uv": [8, 8.53333, 8.8, 9.53333], "texture": "#0"}
			}
		},
		{
			"from": [7.6, 24, 10],
			"to": [8.4, 25, 13],
			"faces": {
				"north": {"uv": [6.93333, 8.53333, 7.73333, 9.53333], "texture": "#0"},
				"east": {"uv": [7.46667, 9.06667, 10.46667, 10.06667], "texture": "#0"},
				"south": {"uv": [6.93333, 10.13333, 7.73333, 11.13333], "texture": "#0"},
				"west": {"uv": [7.46667, 10.13333, 10.46667, 11.13333], "texture": "#0"},
				"up": {"uv": [9.6, 8.53333, 10.4, 11.53333], "texture": "#0"},
				"down": {"uv": [8, 8.53333, 8.8, 11.53333], "texture": "#0"}
			}
		},
		{
			"from": [7.6, 25, 10.5],
			"to": [8.4, 25.5, 11],
			"faces": {
				"north": {"uv": [6.93333, 8.53333, 7.73333, 9.03333], "texture": "#0"},
				"east": {"uv": [7.46667, 9.06667, 7.96667, 9.56667], "texture": "#0"},
				"south": {"uv": [6.93333, 10.13333, 7.73333, 10.63333], "texture": "#0"},
				"west": {"uv": [7.46667, 10.13333, 7.96667, 10.63333], "texture": "#0"},
				"up": {"uv": [9.6, 8.53333, 10.4, 9.03333], "texture": "#0"},
				"down": {"uv": [8, 8.53333, 8.8, 9.03333], "texture": "#0"}
			}
		},
		{
			"from": [7.75, 3, 12],
			"to": [8.25, 17.2, 12.5],
			"rotation": {"angle": 22.5, "axis": "x", "origin": [0, 0, 0]},
			"faces": {
				"north": {"uv": [0.53333, 2.5, 1.03333, 16], "texture": "#0"},
				"east": {"uv": [1.06667, 2.5, 1.56667, 16], "texture": "#0"},
				"south": {"uv": [1.6, 2.5, 2.1, 16], "texture": "#0"},
				"west": {"uv": [2.13333, 2.5, 2.63333, 16], "texture": "#0"},
				"up": {"uv": [0.53333, 1.6, 1.03333, 2.1], "texture": "#0"},
				"down": {"uv": [1.06667, 1.6, 1.56667, 2.1], "texture": "#0"}
			}
		},
		{
			"from": [7.75, 3.4, 20.5],
			"to": [8.25, 17.4, 21],
			"rotation": {"angle": -22.5, "axis": "x", "origin": [0, 0, 0]},
			"faces": {
				"north": {"uv": [0.53333, 2.5, 1.03333, 16], "texture": "#0"},
				"east": {"uv": [1.06667, 2.5, 1.56667, 16], "texture": "#0"},
				"south": {"uv": [1.6, 2.5, 2.1, 16], "texture": "#0"},
				"west": {"uv": [2.13333, 2.5, 2.63333, 16], "texture": "#0"},
				"up": {"uv": [0.53333, 1.6, 1.03333, 2.1], "texture": "#0"},
				"down": {"uv": [1.06667, 1.6, 1.56667, 2.1], "texture": "#0"}
			}
		},
		{
			"from": [10.1, 7.4, 6.25],
			"to": [10.6, 8.9, 6.75],
			"rotation": {"angle": 22.5, "axis": "z", "origin": [0, 0, 0]},
			"faces": {
				"north": {"uv": [10.13333, 9.6, 10.63333, 10.6], "texture": "#0"},
				"east": {"uv": [8.53333, 9.6, 9.03333, 10.6], "texture": "#0"},
				"south": {"uv": [9.6, 9.6, 10.1, 10.6], "texture": "#0"},
				"west": {"uv": [9.06667, 9.6, 9.56667, 10.6], "texture": "#0"},
				"up": {"uv": [10.13333, 9.6, 10.63333, 10.1], "texture": "#0"},
				"down": {"uv": [10.13333, 9.6, 10.63333, 10.1], "texture": "#0"}
			}
		},
		{
			"from": [6.5, 10.5, 6.15],
			"to": [7, 11, 6.85],
			"faces": {
				"north": {"uv": [8.53333, 10.2, 9.03333, 10.6], "texture": "#0"},
				"east": {"uv": [9.06667, 10.2, 9.56667, 10.6], "texture": "#0"},
				"south": {"uv": [8, 10.2, 8.5, 10.6], "texture": "#0"},
				"west": {"uv": [9.6, 10.2, 10.1, 10.6], "texture": "#0"},
				"up": {"uv": [8.53333, 10.2, 9.03333, 10.6], "texture": "#0"},
				"down": {"uv": [8.53333, 10.2, 9.03333, 10.6], "texture": "#0"}
			}
		},
		{
			"from": [3.4, 11.9, 6.49],
			"to": [6.4, 14.9, 6.5],
			"faces": {
				"north": {"uv": [0.03333, 0.03333, 16, 16], "texture": "#1"},
				"east": {"uv": [4.8, 9.06667, 5.34333, 11.06667], "texture": "#0"},
				"south": {"uv": [0.03333, 0.03333, 16, 16], "texture": "#1"},
				"west": {"uv": [4.8, 8.53333, 5.34333, 10.53333], "texture": "#0"},
				"up": {"uv": [4.8, 8, 5.73333, 8.54333], "texture": "#0"},
				"down": {"uv": [4.8, 7.46667, 5.73333, 8.01], "texture": "#0"}
			}
		}
	],
	"display": {
		"thirdperson_righthand": {
			"translation": [0, -2.5, 2.25],
			"scale": [0.8, 0.9, 1]
		},
		"thirdperson_lefthand": {
			"rotation": [90, -180, 0],
			"translation": [-1.25, -3.75, 1.25],
			"scale": [0.7, 0.8, 0.9]
		},
		"firstperson_righthand": {
			"rotation": [17, 16, 3],
			"translation": [-1.25, -0.25, 0.25]
		},
		"ground": {
			"rotation": [0, 0, -90]
		},
		"gui": {
			"rotation": [-30, 41, 40],
			"translation": [0, -2.25, 0],
			"scale": [0.6, 0.6, 0.6]
		},
		"fixed": {
			"rotation": [0, -90, 0],
			"translation": [0, -3, -1.75],
			"scale": [1.4, 1.4, 1.4]
		}
	},
	"groups": [
		{
			"name": "arrow",
			"origin": [0, 0, 0],
			"color": 0,
			"children": [0, 1, 2, 3, 4, 5, 6]
		},
		{
			"name": "up",
			"origin": [0, 0, 0],
			"color": 0,
			"children": [7, 8]
		},
		{
			"name": "handle",
			"origin": [0, 0, 0],
			"color": 0,
			"children": [9, 10, 11, 12, 13, 14]
		},
		{
			"name": "down",
			"origin": [0, 0, 0],
			"color": 0,
			"children": [15, 16]
		},
		{
			"name": "bowstring",
			"origin": [0, 0, 0],
			"color": 0,
			"children": [
				{
					"name": "down",
					"origin": [0, 0, 0],
					"color": 0,
					"children": [17, 18, 19, 20, 21, 22, 23]
				},
				{
					"name": "up",
					"origin": [0, 0, 0],
					"color": 0,
					"children": [24, 25, 26, 27, 28, 29, 30]
				},
				31,
				32
			]
		},
		{
			"name": "scope",
			"origin": [0, 0, 0],
			"color": 0,
			"children": [33, 34, 35]
		}
	]
}