{
	"credit": "",
	"textures": {
		"0": "cake/chocolate/cake_bottom",
		"2": "cake/chocolate/cake_side",
		"3": "cake/chocolate/cake_top",
		"particle": "cake/chocolate/cake_bottom"
	},
	"elements": [
		{
			"from": [1, 0, 1],
			"to": [15, 8, 15],
			"faces": {
				"north": {"uv": [1, 8, 15, 16], "texture": "#2"},
				"east": {"uv": [1, 8, 15, 16], "texture": "#2"},
				"south": {"uv": [1, 8, 15, 16], "texture": "#2"},
				"west": {"uv": [1, 8, 15, 16], "texture": "#2"},
				"up": {"uv": [1, 1, 15, 15], "texture": "#3"},
				"down": {"uv": [1, 1, 15, 15], "texture": "#0"}
			}
		},
		{
			"from": [4, 8, 4],
			"to": [12, 11, 12],
			"faces": {
				"north": {"uv": [7, 10, 15, 13], "texture": "#2"},
				"east": {"uv": [7, 10, 15, 13], "texture": "#2"},
				"south": {"uv": [7, 10, 15, 13], "texture": "#2"},
				"west": {"uv": [7, 10, 15, 13], "texture": "#2"},
				"up": {"uv": [4, 4, 12, 12], "texture": "#3"},
				"down": {"uv": [4, 4, 12, 12], "texture": "#0"}
			}
		}
	],
	"display": {}
}