{
	"credit": "",
	"textures": {
		"0": "cake/chocolate/cake_bottom",
		"2": "cake/chocolate/cake_side",
		"3": "cake/chocolate/cake_top",
		"4": "cake/chocolate/cake_inner",
		"particle": "cake/chocolate/cake_bottom"
	},
	"elements": [
		{
			"from": [5, 0, 1],
			"to": [15, 8, 15],
			"faces": {
				"north": {"uv": [1, 8, 11, 16], "texture": "#2"},
				"east": {"uv": [1, 8, 15, 16], "texture": "#2"},
				"south": {"uv": [5, 8, 15, 16], "texture": "#2"},
				"west": {"uv": [1, 8, 15, 16], "texture": "#4"},
				"up": {"uv": [5, 1, 15, 15], "texture": "#3"},
				"down": {"uv": [5, 1, 15, 15], "texture": "#0"}
			}
		},
		{
			"from": [5, 8, 4],
			"to": [12, 11, 12],
			"faces": {
				"north": {"uv": [7, 10, 14, 13], "texture": "#2"},
				"east": {"uv": [7, 10, 15, 13], "texture": "#2"},
				"south": {"uv": [8, 10, 15, 13], "texture": "#2"},
				"west": {"uv": [2, 11, 10, 14], "texture": "#4"},
				"up": {"uv": [5, 4, 12, 12], "texture": "#3"},
				"down": {"uv": [5, 4, 12, 12], "texture": "#0"}
			}
		}
	],
	"display": {
		"thirdperson_righthand": {
			"translation": [0, 1.75, 0],
			"scale": [0.6, 0.6, 0.6]
		},
		"thirdperson_lefthand": {
			"translation": [0, 1.75, 0],
			"scale": [0.6, 0.6, 0.6]
		}
	}
}